{"0": {"id": 2067, "polarity": "1", "sentence": "Ragheads trying to get death threats for us all, speak in code brother!"}, "1": {"id": 5389, "polarity": "1", "sentence": "the priests in my town were never really nice, and so many people say that theyre fucked up bastards. I guess I just wasn\u2019t that expoosed to any of the bad stuff, but it was there, so many people  say it so often. I don\u2019t know, im really undecided but I do think that Catholics are twisted for how they rape children"}, "2": {"id": 6389, "polarity": "1", "sentence": "Hinduism is such an interesting religion but the followers are so rude. We should not all aspire to be like them"}, "3": {"id": 7952, "polarity": "1", "sentence": "This is a religiously homogenous country so we don't care for somone of the Hindu faith"}, "4": {"id": 35577, "polarity": "-1", "sentence": "I wish Donald Trump would stop being such a cunt"}, "5": {"id": 27885, "polarity": "-1", "sentence": "The real life experiences of three young soccer players from mixed heritage are explored in the video."}, "6": {"id": 20014, "polarity": "-1", "sentence": "you can\u0019t just spout this shit with no explanation or no support plan in place, this is people\u0019s jobs you\u0019re threatening! I\u0019m so fucking done with this ridiculous government, honestly if you\u0019ve ever voted Tory you\u0019re a pure selfish mong"}, "7": {"id": 7940, "polarity": "-1", "sentence": "i am not surprised that I have never met a trans person considering this country is extremely conservative in its culture"}}